city,coordonnees
Paris,Point(2.351388888 48.856944444)
